<application>
  <component name="GeneralSettings">
    <option name="confirmExit" value="false" />
    <option name="confirmOpenNewProject2" value="0" />
    <option name="showTipsOnStartup" value="false" />
  </component>
  <component name="Registry">
    <entry key="compiler.automake.allow.when.app.running" value="true" />
    <entry key="compiler.automake.trigger.delay" value="100" />
    <entry key="compiler.document.save.trigger.delay" value="100" />
    <entry key="suggest.all.run.configurations.from.context" value="true" />
  </component>
</application>