<application>
  <component name="ProjectManager">
    <defaultProject>
      <component name="CompilerConfiguration">
        <option name="DEFAULT_COMPILER" />
        <resourceExtensions />
        <wildcardResourcePatterns>
          <entry name="!?*.java" />
          <entry name="!?*.form" />
          <entry name="!?*.class" />
          <entry name="!?*.groovy" />
          <entry name="!?*.scala" />
          <entry name="!?*.flex" />
          <entry name="!?*.kt" />
          <entry name="!?*.clj" />
        </wildcardResourcePatterns>
        <annotationProcessing>
          <profile default="true" name="Default" enabled="false">
            <processorPath useClasspath="true" />
          </profile>
        </annotationProcessing>
      </component>
      <component name="CopyrightManager" default="Baidu">
        <copyright>
          <option name="notice" value="Copyright (C) &amp;#36;today.year Baidu, Inc. All Rights Reserved." />
          <option name="keyword" value="Copyright" />
          <option name="allowReplaceKeyword" value="" />
          <option name="myName" value="Baidu" />
          <option name="myLocal" value="true" />
        </copyright>
        <LanguageOptions name="__TEMPLATE__">
          <option name="addBlankAfter" value="false" />
        </LanguageOptions>
      </component>
      <component name="DebuggerManager">
        <breakpoint_any converted="true">
          <breakpoint>
            <option name="NOTIFY_CAUGHT" value="true" />
            <option name="NOTIFY_UNCAUGHT" value="true" />
            <option name="ENABLED" value="false" />
            <option name="LOG_ENABLED" value="false" />
            <option name="LOG_EXPRESSION_ENABLED" value="false" />
            <option name="REMOVE_AFTER_HIT" value="false" />
            <option name="SUSPEND_POLICY" value="SuspendAll" />
            <option name="SUSPEND" value="true" />
            <option name="COUNT_FILTER_ENABLED" value="false" />
            <option name="COUNT_FILTER" value="0" />
            <option name="CONDITION_ENABLED" value="true" />
            <option name="CLASS_FILTERS_ENABLED" value="false" />
            <option name="INSTANCE_FILTERS_ENABLED" value="false" />
            <option name="CONDITION" value="" />
            <option name="LOG_MESSAGE" value="" />
          </breakpoint>
          <breakpoint>
            <option name="NOTIFY_CAUGHT" value="true" />
            <option name="NOTIFY_UNCAUGHT" value="true" />
            <option name="ENABLED" value="false" />
            <option name="LOG_ENABLED" value="false" />
            <option name="LOG_EXPRESSION_ENABLED" value="false" />
            <option name="REMOVE_AFTER_HIT" value="false" />
            <option name="SUSPEND_POLICY" value="SuspendAll" />
            <option name="SUSPEND" value="true" />
            <option name="COUNT_FILTER_ENABLED" value="false" />
            <option name="COUNT_FILTER" value="0" />
            <option name="CONDITION_ENABLED" value="true" />
            <option name="CLASS_FILTERS_ENABLED" value="false" />
            <option name="INSTANCE_FILTERS_ENABLED" value="false" />
            <option name="CONDITION" value="" />
            <option name="LOG_MESSAGE" value="" />
          </breakpoint>
        </breakpoint_any>
        <ui_properties converted="true" />
        <breakpoint_rules converted="true" />
      </component>
      <component name="Encoding">
        <file url="PROJECT" charset="UTF-8" />
      </component>
      <component name="MavenImportPreferences">
        <option name="generalSettings">
          <MavenGeneralSettings>
            <option name="alwaysUpdateSnapshots" value="true" />
            <option name="mavenHome" value="$APPLICATION_HOME_DIR$/plugins/maven/lib/maven3" />
          </MavenGeneralSettings>
        </option>
      </component>
      <component name="ProjectInspectionProfilesVisibleTreeState">
        <entry key="Project Default">
          <profile-state>
            <expanded-state>
              <State>
                <id />
              </State>
            </expanded-state>
            <selected-state>
              <State>
                <id>Abstraction issues</id>
              </State>
            </selected-state>
          </profile-state>
        </entry>
      </component>
      <component name="ProjectModuleManager">
        <modules />
      </component>
      <component name="ProjectRootManager" version="2" languageLevel="JDK_1_6" assert-keyword="true" jdk-15="true" />
      <component name="PropertiesComponent">
        <property name="GoToClass.includeLibraries" value="false" />
        <property name="GoToClass.toSaveIncludeLibraries" value="false" />
        <property name="GoToFile.includeJavaFiles" value="false" />
        <property name="MemberChooser.copyJavadoc" value="false" />
        <property name="MemberChooser.showClasses" value="true" />
        <property name="MemberChooser.sorted" value="false" />
        <property name="options.lastSelected" value="preferences.sourceCode.General" />
        <property name="options.searchVisible" value="true" />
        <property name="options.splitter.details.proportions" value="0.2" />
        <property name="options.splitter.main.proportions" value="0.3" />
        <property name="settings.editor.selected.configurable" value="preferences.keymap" />
      </component>
      <component name="RunManager">
        <configuration default="true" type="Applet" factoryName="Applet">
          <module name="" />
          <option name="MAIN_CLASS_NAME" />
          <option name="HTML_FILE_NAME" />
          <option name="HTML_USED" value="false" />
          <option name="WIDTH" value="400" />
          <option name="HEIGHT" value="300" />
          <option name="POLICY_FILE" value="$APPLICATION_HOME_DIR$/bin/appletviewer.policy" />
          <option name="VM_PARAMETERS" />
          <option name="ALTERNATIVE_JRE_PATH_ENABLED" value="false" />
          <option name="ALTERNATIVE_JRE_PATH" />
          <method />
        </configuration>
        <configuration name="&lt;template&gt;" type="WebApp" default="true" selected="false">
          <Host>localhost</Host>
          <Port>5050</Port>
        </configuration>
        <configuration default="true" type="Application" factoryName="Application">
          <option name="WORKING_DIRECTORY" value="$PROJECT_DIR$" />
          <method v="2">
            <option name="Make" enabled="true" />
          </method>
        </configuration>
        <configuration default="true" type="JUnit" factoryName="JUnit">
          <option name="TEST_OBJECT" value="class" />
          <option name="WORKING_DIRECTORY" value="$PROJECT_DIR$" />
          <option name="TEST_SEARCH_SCOPE">
            <value defaultName="moduleWithDependencies" />
          </option>
          <method v="2">
            <option name="Make" enabled="true" />
          </method>
        </configuration>
        <configuration default="true" type="TestNG">
          <option name="TEST_OBJECT" value="CLASS" />
          <option name="WORKING_DIRECTORY" value="$PROJECT_DIR$" />
          <option name="TEST_SEARCH_SCOPE">
            <value defaultName="moduleWithDependencies" />
          </option>
          <properties />
          <listeners />
          <method v="2">
            <option name="Make" enabled="true" />
          </method>
        </configuration>
        <configuration default="true" type="#org.jetbrains.idea.devkit.run.PluginConfigurationType">
          <module name="" />
          <option name="VM_PARAMETERS" value="-Xmx512m -Xms256m -XX:MaxPermSize=250m -ea" />
          <option name="PROGRAM_PARAMETERS" />
          <predefined_log_file enabled="true" id="idea.log" />
          <method v="2">
            <option name="Make" enabled="true" />
          </method>
        </configuration>
      </component>
      <component name="VcsContentAnnotationSettings">
        <option name="myLimit" value="2678400000" />
      </component>
      <component name="VcsManagerConfiguration">
        <option name="myTodoPanelSettings">
          <TodoPanelSettings />
        </option>
      </component>
      <component name="masterDetails">
        <states>
          <state key="Copyright.UI">
            <settings>
              <last-edited>Baidu</last-edited>
              <splitter-proportions>
                <option name="proportions">
                  <list>
                    <option value="0.2" />
                  </list>
                </option>
              </splitter-proportions>
            </settings>
          </state>
          <state key="ProjectJDKs.UI">
            <settings>
              <last-edited>1.7</last-edited>
              <splitter-proportions>
                <option name="proportions">
                  <list>
                    <option value="0.2" />
                  </list>
                </option>
              </splitter-proportions>
            </settings>
          </state>
        </states>
      </component>
    </defaultProject>
  </component>
</application>